{
	"format_version": "1.8.0",
	"animations": {
		"animation.model.hlop": {
			"animation_length": 2.5,
			"bones": {
				"RightArm": {
					"rotation": {
						"0.0": {
							"vector": [0, 0, 0]
						},
						"1.0": {
							"vector": [-56.63252, -12.95254, -7.63074]
						},
						"1.5": {
							"vector": [-53.1061, -27.73062, -17.6685]
						},
						"2.0": {
							"vector": [-57.11874, -8.64917, -5.03837]
						},
						"2.25": {
							"vector": [-53.80993, -25.65891, -16.10211]
						}
					}
				},
				"LeftArm": {
					"rotation": {
						"0.0": {
							"vector": [0, 0, 0]
						},
						"1.0": {
							"vector": [-48.66181, 13.41673, 11.34049]
						},
						"1.5": {
							"vector": [-47.21177, 19.03239, 16.52079]
						},
						"2.0": {
							"vector": [-49.75819, 5.78047, 4.78685]
						},
						"2.25": {
							"vector": [-47.75889, 17.1748, 14.7604]
						}
					}
				}
			}
		}
	}
}